slug_fr,photo_url,photo_credit_name,photo_credit_url
strasbourg,https://images.unsplash.com/photo-1702062442206-51d51bad45a5?ixlib=rb-4.1.0&q=85&fm=jpg&crop=entropy&cs=srgb&w=1400,Snap Wander via Unsplash,https://unsplash.com/photos/VdXMIXjlSWk
martinique,https://images.unsplash.com/photo-1589574250935-54b1290ece20?ixlib=rb-4.1.0&q=85&fm=jpg&crop=entropy&cs=srgb&w=1400,Teddy Charti via Unsplash,https://unsplash.com/photos/K2DMq-9uTX0
agadir,https://images.unsplash.com/photo-1652875232247-61cafb3737bd?w=1400&q=85&fm=jpg&fit=crop&crop=entropy,Mini Naim via Unsplash,https://unsplash.com/photos/LSdfkuXv424
algarve,https://images.unsplash.com/photo-1536189696664-369ab1473ded?w=1400&q=85&fm=jpg&fit=crop&crop=entropy,Ricardo Claudino via Unsplash,https://unsplash.com/photos/SmlOQVVbrg0
alicante,https://images.unsplash.com/photo-1502919963290-40096b6983ab?w=1400&q=85&fm=jpg&fit=crop&crop=entropy,Faisal via Unsplash,https://unsplash.com/photos/FObL2dxx9dg
amalfi,https://images.unsplash.com/photo-1635524180417-83970b49def4?w=1400&q=85&fm=jpg&fit=crop&crop=entropy,Samuele Giglio via Unsplash,https://unsplash.com/photos/huylqYkSR9Q
amsterdam,https://images.unsplash.com/photo-1661895367630-9b34b180e7a8?w=1400&q=85&fm=jpg&fit=crop&crop=entropy,Sergey Konstantinov via Unsplash,https://unsplash.com/photos/UVFoNbLYva8
bali,https://images.unsplash.com/photo-1584544571421-7bdedca0b5a3?w=1400&q=85&fm=jpg&fit=crop&crop=entropy,Prasanna Venkatesh Krishnamoorthy via Unsplash,https://unsplash.com/photos/Y2wWiagIl74
bangkok,https://images.unsplash.com/photo-1531725308662-76bf5ebb43f3?w=1400&q=85&fm=jpg&fit=crop&crop=entropy,Chris Tweten via Unsplash,https://unsplash.com/photos/wLx_WCkWvHg
barcelone,https://images.unsplash.com/photo-1583422409516-2895a77efded?w=1400&q=85&fm=jpg&fit=crop&crop=entropy,Logan Armstrong via Unsplash,https://unsplash.com/photos/hVhfqhDYciU
berlin,https://images.unsplash.com/photo-1772775133737-8091c7c9dd27?w=1400&q=85&fm=jpg&fit=crop&crop=entropy,Karwin Luo via Unsplash,https://unsplash.com/photos/fqzL_0GUPjk
bordeaux,https://images.unsplash.com/photo-1770928755532-a3d1d79d50be?w=1400&q=85&fm=jpg&fit=crop&crop=entropy,moniek van rosse via Unsplash,https://unsplash.com/photos/OH8tfM_UHiU
bretagne,https://images.unsplash.com/photo-1765790069270-0043852646b7?w=1400&q=85&fm=jpg&fit=crop&crop=entropy,Antoine Pouligny via Unsplash,https://unsplash.com/photos/MdUw7vDD-Gk
buenos-aires,https://images.unsplash.com/photo-1736611717961-909a6653e6ae?w=1400&q=85&fm=jpg&fit=crop&crop=entropy,Gustavo Zambelli via Unsplash,https://unsplash.com/photos/7T_3sm_Bf4I
cancun,https://images.unsplash.com/photo-1676074841885-98294f273ddb?w=1400&q=85&fm=jpg&fit=crop&crop=entropy,Hongbin via Unsplash,https://unsplash.com/photos/LAsWp-Eo2BU
capri,https://images.unsplash.com/photo-1690323001332-6df1cec8720c?w=1400&q=85&fm=jpg&fit=crop&crop=entropy,Kai Wei via Unsplash,https://unsplash.com/photos/dferGcrCa58
canaries,https://images.unsplash.com/photo-1691388897834-8861ed197e4c?w=1400&q=85&fm=jpg&fit=crop&crop=entropy,Evgeni Tcherkasski via Unsplash,https://unsplash.com/photos/-cBtqIhLfWk
corfou,https://images.unsplash.com/photo-1758088441206-7dc2a2e4a69c?w=1400&q=85&fm=jpg&fit=crop&crop=entropy,sp zoup via Unsplash,https://unsplash.com/photos/OpfnvTnjiPE
corse,https://images.unsplash.com/photo-1662400089180-fca83cc9be9a?w=1400&q=85&fm=jpg&fit=crop&crop=entropy,Jon Amdall via Unsplash,https://unsplash.com/photos/ZIk-1uTnbJ4
costa-rica,https://images.unsplash.com/photo-1542838344-fe8faf9da9c4?w=1400&q=85&fm=jpg&fit=crop&crop=entropy,Lindsay Loucel via Unsplash,https://unsplash.com/photos/OAZNaSaExlc
cote-azur,https://images.unsplash.com/photo-1554149082-75d460afced3?w=1400&q=85&fm=jpg&fit=crop&crop=entropy,Arno Smit via Unsplash,https://unsplash.com/photos/lndaG6uN1yw
crete,https://images.unsplash.com/photo-1629976739390-efd87b603203?w=1400&q=85&fm=jpg&fit=crop&crop=entropy,Evangelos Mpikakis via Unsplash,https://unsplash.com/photos/cy4eVzwSvKc
dubai,https://images.unsplash.com/photo-1712844812561-703a3d9fa716?w=1400&q=85&fm=jpg&fit=crop&crop=entropy,Vanburn Gonsalves via Unsplash,https://unsplash.com/photos/xEh-xYJslu8
dubrovnik,https://images.unsplash.com/photo-1715227439047-53d5942a31b5?w=1400&q=85&fm=jpg&fit=crop&crop=entropy,Meg von Haartman via Unsplash,https://unsplash.com/photos/fOuHJc5ceLo
edimbourg,https://images.unsplash.com/photo-1595599014147-a419c147bdc0?w=1400&q=85&fm=jpg&fit=crop&crop=entropy,Connor Mollison via Unsplash,https://unsplash.com/photos/d7_TtRp1s9s
florence,https://images.unsplash.com/photo-1618026492339-dbc6b8f7d044?w=1400&q=85&fm=jpg&fit=crop&crop=entropy,Colin Lloyd via Unsplash,https://unsplash.com/photos/99RmTE7_pXk
fuerteventura,https://images.unsplash.com/photo-1545289709-5d80297d4369?w=1400&q=85&fm=jpg&fit=crop&crop=entropy,Michal Mrozek via Unsplash,https://unsplash.com/photos/lpMyWU-Po9s
goa,https://images.unsplash.com/photo-1597820334272-af87b2d917c1?w=1400&q=85&fm=jpg&fit=crop&crop=entropy,Laliteshwar Suman via Unsplash,https://unsplash.com/photos/UIOUdMsFHio
gran-canaria,https://images.unsplash.com/photo-1570460148084-3dfb1059b4fe?w=1400&q=85&fm=jpg&fit=crop&crop=entropy,Miltiadis Fragkidis via Unsplash,https://unsplash.com/photos/kHQFMObkRSs
hawaii,https://images.unsplash.com/photo-1599888097079-21562f205764?w=1400&q=85&fm=jpg&fit=crop&crop=entropy,Tamara Bravo via Unsplash,https://unsplash.com/photos/HMT_QcwCIXs
hoi-an,https://images.unsplash.com/photo-1630809718582-2bc0a1b7b296?w=1400&q=85&fm=jpg&fit=crop&crop=entropy,Jamison Cameron via Unsplash,https://unsplash.com/photos/McTs3-iLuMY
ibiza,https://images.unsplash.com/photo-1652466464507-9bceeef0411e?w=1400&q=85&fm=jpg&fit=crop&crop=entropy,Bobby via Unsplash,https://unsplash.com/photos/sqgDlmZM8sc
ile-maurice,https://images.unsplash.com/photo-1684814824182-7a1b9b3dfed9?w=1400&q=85&fm=jpg&fit=crop&crop=entropy,TSI via Unsplash,https://unsplash.com/photos/5H4Dgs32_b0
istanbul,https://images.unsplash.com/photo-1661769934391-fb3fe7a99f80?w=1400&q=85&fm=jpg&fit=crop&crop=entropy,Jillian Amatt - Artistic Voyages via Unsplash,https://unsplash.com/photos/rfJzq4vwHIU
jamaique,https://images.unsplash.com/photo-1601754691759-717b75bf002f?w=1400&q=85&fm=jpg&fit=crop&crop=entropy,Andy ngucaj via Unsplash,https://unsplash.com/photos/HHm1kxdie30
katmandou,https://images.unsplash.com/photo-1770466704770-39ab6a68ccd9?w=1400&q=85&fm=jpg&fit=crop&crop=entropy,Jimmy Liu via Unsplash,https://unsplash.com/photos/7gCILOwmlyQ
la-havane,https://images.unsplash.com/photo-1679321219131-a06a6edad7c8?w=1400&q=85&fm=jpg&fit=crop&crop=entropy,Csaba Veres via Unsplash,https://unsplash.com/photos/J54sBRv71HM
lanzarote,https://images.unsplash.com/photo-1650529196062-07770cb6c7b3?w=1400&q=85&fm=jpg&fit=crop&crop=entropy,Benjamin Knöll via Unsplash,https://unsplash.com/photos/Hw7hfweMjns
le-cap,https://images.unsplash.com/photo-1745330692502-c991d756acf9?w=1400&q=85&fm=jpg&fit=crop&crop=entropy,Hongbin via Unsplash,https://unsplash.com/photos/byQDsq2fxZw
lisbonne,https://images.unsplash.com/photo-1601399470081-29ab3942fd8b?w=1400&q=85&fm=jpg&fit=crop&crop=entropy,Raja Sen via Unsplash,https://unsplash.com/photos/lAFjAQQ3nzo
londres,https://images.unsplash.com/photo-1529655683826-aba9b3e77383?w=1400&q=85&fm=jpg&fit=crop&crop=entropy,Luke Stackpoole via Unsplash,https://unsplash.com/photos/mOEqOtmuPG8
los-angeles,https://images.unsplash.com/photo-1585160159207-95884c758032?w=1400&q=85&fm=jpg&fit=crop&crop=entropy,Library of Congress via Unsplash,https://unsplash.com/photos/KeYmxl7oFYU
lyon,https://images.unsplash.com/photo-1750457146758-0056df5d5ebf?w=1400&q=85&fm=jpg&fit=crop&crop=entropy,Fabian Kleiser via Unsplash,https://unsplash.com/photos/QS2nbAn0jMI
madere,https://images.unsplash.com/photo-1622048235741-41e882ee42bc?w=1400&q=85&fm=jpg&fit=crop&crop=entropy,Pedro Farto via Unsplash,https://unsplash.com/photos/vVNWoqnSs0E
majorque,https://images.unsplash.com/photo-1507292399417-4bd84dfa6363?w=1400&q=85&fm=jpg&fit=crop&crop=entropy,Unleashed Agency via Unsplash,https://unsplash.com/photos/woOuuSnNlbM
maldives,https://images.unsplash.com/photo-1647729007959-854a7500c030?w=1400&q=85&fm=jpg&fit=crop&crop=entropy,Yosi Bitran via Unsplash,https://unsplash.com/photos/-UjnHxaer7M
malaga,https://images.unsplash.com/photo-1566245572324-dbfd6aa5d97a?w=1400&q=85&fm=jpg&fit=crop&crop=entropy,Mateusz Plinta via Unsplash,https://unsplash.com/photos/XyGdwkWfgGU
malte,https://images.unsplash.com/photo-1648460459166-16ecb38c8c6f?w=1400&q=85&fm=jpg&fit=crop&crop=entropy,Evy van Kan via Unsplash,https://unsplash.com/photos/avxrAn8BVXA
marrakech,https://images.unsplash.com/photo-1772580309858-d90a3db66def?w=1400&q=85&fm=jpg&fit=crop&crop=entropy,Youssef Taghlaoui via Unsplash,https://unsplash.com/photos/CJ7EigxZ3uA
marseille,https://images.unsplash.com/photo-1710242060562-e5fa6d8cdf54?w=1400&q=85&fm=jpg&fit=crop&crop=entropy,Anthony Berisha via Unsplash,https://unsplash.com/photos/jEC83ICFMr0
miami,https://images.unsplash.com/photo-1711753902646-557b9d9fd607?w=1400&q=85&fm=jpg&fit=crop&crop=entropy,Juan Pablo Mascanfroni via Unsplash,https://unsplash.com/photos/-ERzNnti3xk
minorque,https://images.unsplash.com/photo-1564087558267-9e36fae557b7?w=1400&q=85&fm=jpg&fit=crop&crop=entropy,Joao Branco via Unsplash,https://unsplash.com/photos/Swxac6vOsY8
monaco,https://images.unsplash.com/photo-1729810995593-ec338da901b5?w=1400&q=85&fm=jpg&fit=crop&crop=entropy,Huy Vu via Unsplash,https://unsplash.com/photos/83fcELXn214
mykonos,https://images.unsplash.com/photo-1637006511304-e9401fb8bc26?w=1400&q=85&fm=jpg&fit=crop&crop=entropy,Annika Ashley via Unsplash,https://unsplash.com/photos/wcx8LzGHn9I
new-york,https://images.unsplash.com/photo-1676647782875-a996c4f65399?w=1400&q=85&fm=jpg&fit=crop&crop=entropy,leon baldry via Unsplash,https://unsplash.com/photos/B0dvRIA5b0U
nice,https://images.unsplash.com/photo-1625220384977-20d0839f11e2?w=1400&q=85&fm=jpg&fit=crop&crop=entropy,Sawyer via Unsplash,https://unsplash.com/photos/1tfj9EgcPnM
paris,https://images.unsplash.com/photo-1748071464797-cda5d952b686?w=1400&q=85&fm=jpg&fit=crop&crop=entropy,Flora Orosz via Unsplash,https://unsplash.com/photos/VhI3CX2jcV8
phuket,https://images.unsplash.com/photo-1697160527165-b8c94eabcff7?w=1400&q=85&fm=jpg&fit=crop&crop=entropy,TRAVELINGVIBE.COM via Unsplash,https://unsplash.com/photos/qcd0QqGMGzE
porto,https://images.unsplash.com/photo-1721811601346-bad95b0bd0ec?w=1400&q=85&fm=jpg&fit=crop&crop=entropy,Shashidhar S via Unsplash,https://unsplash.com/photos/JWcivlXJ_8A
prague,https://images.unsplash.com/photo-1760598748022-ad3478e68903?w=1400&q=85&fm=jpg&fit=crop&crop=entropy,Mukul Gola via Unsplash,https://unsplash.com/photos/AAB5DmfLnPU
provence,https://images.unsplash.com/photo-1773179949430-1e13d77af3c4?w=1400&q=85&fm=jpg&fit=crop&crop=entropy,Ahmed Slimene via Unsplash,https://unsplash.com/photos/9OwAaKC_ZXo
reunion,https://images.unsplash.com/photo-1772984815781-f3ce7a662f4c?w=1400&q=85&fm=jpg&fit=crop&crop=entropy,Brume 974 via Unsplash,https://unsplash.com/photos/R5TQDHmZs_8
reykjavik,https://images.unsplash.com/photo-1723059199210-c9bec172bf44?w=1400&q=85&fm=jpg&fit=crop&crop=entropy,Nunzio Guerrera via Unsplash,https://unsplash.com/photos/I0GxFcxrEzo
rhodes,https://images.unsplash.com/photo-1664118145742-f2ad1c09c10b?w=1400&q=85&fm=jpg&fit=crop&crop=entropy,Tobias Jetter via Unsplash,https://unsplash.com/photos/NNWHweF6UGI
rio-de-janeiro,https://images.unsplash.com/photo-1674138778139-c5444366acb9?w=1400&q=85&fm=jpg&fit=crop&crop=entropy,Kotryna Juskaite via Unsplash,https://unsplash.com/photos/L02q7EgK0IE
riviera-maya,https://images.unsplash.com/photo-1595736865797-8b2758e46940?w=1400&q=85&fm=jpg&fit=crop&crop=entropy,Marco Samaniego via Unsplash,https://unsplash.com/photos/ohjIQWO886o
rome,https://images.unsplash.com/photo-1509024644558-2f56ce76c490?w=1400&q=85&fm=jpg&fit=crop&crop=entropy,Dario Veronesi via Unsplash,https://unsplash.com/photos/lUO-BjCiZEA
santorin,https://images.unsplash.com/photo-1726052087168-65dc7e0f55d9?w=1400&q=85&fm=jpg&fit=crop&crop=entropy,S Red via Unsplash,https://unsplash.com/photos/qaMthErUAAI
sardaigne,https://images.unsplash.com/photo-1654006571780-ec876a791643?w=1400&q=85&fm=jpg&fit=crop&crop=entropy,Simon Wiedensohler via Unsplash,https://unsplash.com/photos/pZWlXVqpUXw
seville,https://images.unsplash.com/photo-1509840841025-9088ba78a826?w=1400&q=85&fm=jpg&fit=crop&crop=entropy,Henrique Ferreira via Unsplash,https://unsplash.com/photos/62QRdDoe44M
seychelles,https://images.unsplash.com/photo-1722425340121-bb8bc82cdf44?w=1400&q=85&fm=jpg&fit=crop&crop=entropy,Moisés Caballero López via Unsplash,https://unsplash.com/photos/LvT_cO94cvk
sicile,https://images.unsplash.com/photo-1598702219232-58b9ac8d56a9?w=1400&q=85&fm=jpg&fit=crop&crop=entropy,Roaming Pictures via Unsplash,https://unsplash.com/photos/bU4UgbIKgBY
siem-reap,https://images.unsplash.com/photo-1680896444571-2a2b5ef8363f?w=1400&q=85&fm=jpg&fit=crop&crop=entropy,Zach Searcy via Unsplash,https://unsplash.com/photos/nzHH1pKWpPk
singapour,https://images.unsplash.com/photo-1669154037930-e73d3ff30904?w=1400&q=85&fm=jpg&fit=crop&crop=entropy,Amir Deljouyi via Unsplash,https://unsplash.com/photos/0usebanTpGM
split,https://images.unsplash.com/photo-1715901712982-6fad40f2db2a?w=1400&q=85&fm=jpg&fit=crop&crop=entropy,Meg von Haartman via Unsplash,https://unsplash.com/photos/2-kwPQcQKNY
tenerife,https://images.unsplash.com/photo-1722675771971-813e318db0d4?w=1400&q=85&fm=jpg&fit=crop&crop=entropy,Kirke Põldsamm via Unsplash,https://unsplash.com/photos/MGs5QMX7Vyc
tokyo,https://images.unsplash.com/photo-1606336784515-7f441cbe27b4?w=1400&q=85&fm=jpg&fit=crop&crop=entropy,Hennie Stander via Unsplash,https://unsplash.com/photos/zx9Vy83e_t4
toscane,https://images.unsplash.com/photo-1596142332133-327e2a0ff006?w=1400&q=85&fm=jpg&fit=crop&crop=entropy,Johny Goerend via Unsplash,https://unsplash.com/photos/pnigODapPek
tulum,https://images.unsplash.com/photo-1713878620016-35be7a276a59?w=1400&q=85&fm=jpg&fit=crop&crop=entropy,Meg von Haartman via Unsplash,https://unsplash.com/photos/bDgrUlVDosU
valence,https://images.unsplash.com/photo-1549540645-759ebceaf645?w=1400&q=85&fm=jpg&fit=crop&crop=entropy,Kristina N via Unsplash,https://unsplash.com/photos/aCl3GWKPoLc
venise,https://images.unsplash.com/photo-1767047313989-a4cdc45a24ac?w=1400&q=85&fm=jpg&fit=crop&crop=entropy,Daniel Gomez via Unsplash,https://unsplash.com/photos/aDUTBL6n_SM
vienne,https://images.unsplash.com/photo-1734156503487-f4fbb1d3976b?w=1400&q=85&fm=jpg&fit=crop&crop=entropy,Joshi Milestoner via Unsplash,https://unsplash.com/photos/gyUDqcvRGvw
zakynthos,https://images.unsplash.com/photo-1692133950908-bbf3b65192a6?w=1400&q=85&fm=jpg&fit=crop&crop=entropy,Ana-Maria D. via Unsplash,https://unsplash.com/photos/0uIMI8rp2RE
zanzibar,https://images.unsplash.com/photo-1683716642001-54f4f2ca4e3d?w=1400&q=85&fm=jpg&fit=crop&crop=entropy,Mats Havia via Unsplash,https://unsplash.com/photos/9vsNsfRbKh8
barbade,https://images.unsplash.com/photo-1685547798537-887410239676?w=1400&q=85&fm=jpg&fit=crop&crop=entropy,Bruce Barrow via Unsplash,https://unsplash.com/photos/t0p25Scs24I
athenes,https://images.unsplash.com/photo-1652112016299-f496a9c1e47f?w=1400&q=85&fm=jpg&fit=crop&crop=entropy,Nassim Wahba via Unsplash,https://unsplash.com/photos/aCeyk9AHil0
milan,https://images.unsplash.com/photo-1688141307419-e491e3b8e90c?w=1400&q=85&fm=jpg&fit=crop&crop=entropy,Kazden Cattapan via Unsplash,https://unsplash.com/photos/KCacyHiImi8
naples,https://images.unsplash.com/photo-1570792684796-4ce6a18cde0b?w=1400&q=85&fm=jpg&fit=crop&crop=entropy,Les Elby via Unsplash,https://unsplash.com/photos/panNz0uF7Fw
lac-come,https://images.unsplash.com/photo-1537535261941-f2cbdb39bd83?w=1400&q=85&fm=jpg&fit=crop&crop=entropy,Jef Willemyns via Unsplash,https://unsplash.com/photos/EEyAFnAPT0E
cinque-terre,https://images.unsplash.com/photo-1679837723999-5e3354566b4c?w=1400&q=85&fm=jpg&fit=crop&crop=entropy,Andrei Poenalte via Unsplash,https://unsplash.com/photos/g6nvuJqVcUc
madrid,https://images.unsplash.com/photo-1631118366600-a6cf833cc0f7?w=1400&q=85&fm=jpg&fit=crop&crop=entropy,Emilio Garcia via Unsplash,https://unsplash.com/photos/4VT2IAV4sZE
grenade,https://images.unsplash.com/photo-1596018036140-8a5f68916b44?w=1400&q=85&fm=jpg&fit=crop&crop=entropy,Jorge Fernández Salas via Unsplash,https://unsplash.com/photos/Kwx8dloxkHw
acores,https://images.unsplash.com/photo-1546972969-ba6f648dd671?w=1400&q=85&fm=jpg&fit=crop&crop=entropy,Tiago Miguel Pereira via Unsplash,https://unsplash.com/photos/QNCK6-xrb-w
antalya,https://images.unsplash.com/photo-1648644769787-6e4f77f26703?w=1400&q=85&fm=jpg&fit=crop&crop=entropy,Mishel Lazarenko via Unsplash,https://unsplash.com/photos/p46ETJPtql8
cappadoce,https://images.unsplash.com/photo-1669111957662-ecde221619f6?w=1400&q=85&fm=jpg&fit=crop&crop=entropy,Igor Sporynin via Unsplash,https://unsplash.com/photos/LDTDmcRi55E
copenhague,https://images.unsplash.com/photo-1724704397267-b00be2608a77?w=1400&q=85&fm=jpg&fit=crop&crop=entropy,Alexander Kovalev via Unsplash,https://unsplash.com/photos/mIG_NqkYBoI
budapest,https://images.unsplash.com/photo-1756413664903-159797c47477?w=1400&q=85&fm=jpg&fit=crop&crop=entropy,Himmel S via Unsplash,https://unsplash.com/photos/s8khmvGXWo0
cracovie,https://images.unsplash.com/photo-1761073991372-58f6376ea3f4?w=1400&q=85&fm=jpg&fit=crop&crop=entropy,Jan Ryszka via Unsplash,https://unsplash.com/photos/pbJVPQYewhs
montenegro,https://images.unsplash.com/photo-1683457948735-d56346b209b1?w=1400&q=85&fm=jpg&fit=crop&crop=entropy,Daniil Korbut via Unsplash,https://unsplash.com/photos/q2RFpb-Sodk
chypre,https://images.unsplash.com/photo-1684154628767-1354a3128e4a?w=1400&q=85&fm=jpg&fit=crop&crop=entropy,Artem Stoliar via Unsplash,https://unsplash.com/photos/J3U5AGndw5Y
fes,https://images.unsplash.com/photo-1738616470145-efc6ebe1009a?w=1400&q=85&fm=jpg&fit=crop&crop=entropy,Henry Ren via Unsplash,https://unsplash.com/photos/0JrjhTGMwGE
djerba,https://images.unsplash.com/photo-1598554200951-b9f36526ecd9?w=1400&q=85&fm=jpg&fit=crop&crop=entropy,Aleksandr Sali via Unsplash,https://unsplash.com/photos/uXJnf0DsCvk
le-caire,https://images.unsplash.com/photo-1541769740-098e80269166?w=1400&q=85&fm=jpg&fit=crop&crop=entropy,Dario Morandotti via Unsplash,https://unsplash.com/photos/rxv2qwYPe6s
hurghada,https://images.unsplash.com/photo-1738226699598-2de1294e8bed?w=1400&q=85&fm=jpg&fit=crop&crop=entropy,Jametlene Reskp via Unsplash,https://unsplash.com/photos/GsI2S538_w4
jordanie,https://images.unsplash.com/photo-1621988680388-a6d32f8acd4e?w=1400&q=85&fm=jpg&fit=crop&crop=entropy,Md Mahdi via Unsplash,https://unsplash.com/photos/pqdaSLbaqg8
kenya,https://images.unsplash.com/photo-1711802536795-2f5801365ce9?w=1400&q=85&fm=jpg&fit=crop&crop=entropy,Stanislav Lvovsky via Unsplash,https://unsplash.com/photos/3nDGB-0uXZg
madagascar,https://images.unsplash.com/photo-1627900355526-f77d70cc6887?w=1400&q=85&fm=jpg&fit=crop&crop=entropy,Alessandro Zanini via Unsplash,https://unsplash.com/photos/T1FrGaYTNXs
chiang-mai,https://images.unsplash.com/photo-1714240229996-faaa7a6d100d?w=1400&q=85&fm=jpg&fit=crop&crop=entropy,Nopparuj Lamaikul via Unsplash,https://unsplash.com/photos/TojXlmfo-3o
koh-samui,https://images.unsplash.com/photo-1611070842106-6d115210889d?w=1400&q=85&fm=jpg&fit=crop&crop=entropy,RODOLFO BARRETTO via Unsplash,https://unsplash.com/photos/MmQZKJ8lVcI
hanoi,https://images.unsplash.com/photo-1639484072046-6ac4984061e1?w=1400&q=85&fm=jpg&fit=crop&crop=entropy,Giang Nguyen via Unsplash,https://unsplash.com/photos/Pem-EwQYeD4
ho-chi-minh,https://images.unsplash.com/photo-1586595253743-578ead3c4fc6?w=1400&q=85&fm=jpg&fit=crop&crop=entropy,Polina Rytova via Unsplash,https://unsplash.com/photos/Qun5jJKpVcQ
kyoto,https://images.unsplash.com/photo-1766927811052-10b8b1989bc7?w=1400&q=85&fm=jpg&fit=crop&crop=entropy,Sung Jin Cho via Unsplash,https://unsplash.com/photos/J_y0cqDU1xI
hong-kong,https://images.unsplash.com/photo-1507941097613-9f2157b69235?w=1400&q=85&fm=jpg&fit=crop&crop=entropy,Florian Wehde via Unsplash,https://unsplash.com/photos/8bjnP3yhNTg
seoul,https://images.unsplash.com/photo-1440190727617-48b9b2c7e24b?w=1400&q=85&fm=jpg&fit=crop&crop=entropy,Jenny Kim via Unsplash,https://unsplash.com/photos/7uu1IRztQD8
philippines,https://images.unsplash.com/photo-1738528418555-32ca3188255b?w=1400&q=85&fm=jpg&fit=crop&crop=entropy,Bernd 📷 Dittrich via Unsplash,https://unsplash.com/photos/tNaDgrIE9us
rajasthan,https://images.unsplash.com/photo-1581318896629-3c1dbab75624?w=1400&q=85&fm=jpg&fit=crop&crop=entropy,Ravi N Jha via Unsplash,https://unsplash.com/photos/iypeTmq11Yc
sri-lanka,https://images.unsplash.com/photo-1552309551-2f80ffeb4964?w=1400&q=85&fm=jpg&fit=crop&crop=entropy,Ibrahim Mohamed via Unsplash,https://unsplash.com/photos/iUTl5K_c5tQ
san-francisco,https://images.unsplash.com/photo-1537818692699-601fdf088d66?w=1400&q=85&fm=jpg&fit=crop&crop=entropy,Will Truettner via Unsplash,https://unsplash.com/photos/aROMj0RT9DU
las-vegas,https://images.unsplash.com/photo-1660166376836-dc0e11ce4d47?w=1400&q=85&fm=jpg&fit=crop&crop=entropy,Martin Er via Unsplash,https://unsplash.com/photos/BTUEIvcH9-Y
guadeloupe,https://images.unsplash.com/photo-1548768654-484a503c5776?w=1400&q=85&fm=jpg&fit=crop&crop=entropy,robin inizan via Unsplash,https://unsplash.com/photos/TYeq718z4tA
republique-dominicaine,https://images.unsplash.com/photo-1635450737602-4522ad50351e?w=1400&q=85&fm=jpg&fit=crop&crop=entropy,Rodrigo Castro via Unsplash,https://unsplash.com/photos/ehb9m0cbdaA
punta-cana,https://images.unsplash.com/photo-1635450737602-4522ad50351e?w=1400&q=85&fm=jpg&fit=crop&crop=entropy,Rodrigo Castro via Unsplash,https://unsplash.com/photos/ehb9m0cbdaA
perou,https://images.unsplash.com/photo-1760726347919-bad0548803df?w=1400&q=85&fm=jpg&fit=crop&crop=entropy,Darya Luganskaya via Unsplash,https://unsplash.com/photos/AYKryX0eUWY
machu-picchu,https://images.unsplash.com/photo-1529276426793-9c2dfd01d127?w=1400&q=85&fm=jpg&fit=crop&crop=entropy,Kingdom Compass via Unsplash,https://unsplash.com/photos/FIQCUzt9Aqg
colombie,https://images.unsplash.com/photo-1618338418110-3225a659e612?w=1400&q=85&fm=jpg&fit=crop&crop=entropy,Datingscout via Unsplash,https://unsplash.com/photos/PRJWxwDmtsE
sydney,https://images.unsplash.com/photo-1695037150815-bad631c344b3?w=1400&q=85&fm=jpg&fit=crop&crop=entropy,Josh Fotheringham via Unsplash,https://unsplash.com/photos/G2n9prEKjds
nouvelle-zelande,https://images.unsplash.com/photo-1522102896668-09d76bc8dec4?w=1400&q=85&fm=jpg&fit=crop&crop=entropy,Aaron Birch via Unsplash,https://unsplash.com/photos/sQ1rw9FgOqY
polynesie,https://images.unsplash.com/photo-1587408647379-318e9ae26a05?w=1400&q=85&fm=jpg&fit=crop&crop=entropy,Gabor Koszegi via Unsplash,https://unsplash.com/photos/wznOPSD6hfg
bora-bora,https://images.unsplash.com/photo-1587408647379-318e9ae26a05?w=1400&q=85&fm=jpg&fit=crop&crop=entropy,Gabor Koszegi via Unsplash,https://unsplash.com/photos/wznOPSD6hfg
dublin,https://images.unsplash.com/photo-1581108393220-112722d21186?w=1400&q=85&fm=jpg&fit=crop&crop=entropy,Hamed Alayoub via Unsplash,https://unsplash.com/photos/_TTc0ZTZ7ps
thessalonique,https://images.unsplash.com/photo-1641758140558-ee487bb94c0e?w=1400&q=85&fm=jpg&fit=crop&crop=entropy,Miltiadis Fragkidis via Unsplash,https://unsplash.com/photos/zk7TNJp0nMw
naxos,https://images.unsplash.com/photo-1601836743857-4d1e6da20a32?w=1400&q=85&fm=jpg&fit=crop&crop=entropy,Evangelos Mpikakis via Unsplash,https://unsplash.com/photos/df9n4iL4WWU
paros,https://images.unsplash.com/photo-1540538581514-1d465aaad58c?w=1400&q=85&fm=jpg&fit=crop&crop=entropy,Unsplash via Unsplash,https://unsplash.com/photos/0q_YtRanczI
kefalonia,https://images.unsplash.com/photo-1585143350407-80c01701480c?w=1400&q=85&fm=jpg&fit=crop&crop=entropy,Feri & Tasos via Unsplash,https://unsplash.com/photos/07IPw3oNB08
pouilles,https://images.unsplash.com/photo-1582008251265-bb5e21547f4f?w=1400&q=85&fm=jpg&fit=crop&crop=entropy,Massimo Virgilio via Unsplash,https://unsplash.com/photos/byfh3kHn12Y
lac-garde,https://images.unsplash.com/photo-1681206953813-471feb2dd4b3?w=1400&q=85&fm=jpg&fit=crop&crop=entropy,Rasmus Andersen via Unsplash,https://unsplash.com/photos/mEJEzm-K7Wk
palerme,https://images.unsplash.com/photo-1620428617692-b17f2c8bc198?w=1400&q=85&fm=jpg&fit=crop&crop=entropy,Henrique Ferreira via Unsplash,https://unsplash.com/photos/CsCNWmtcD8Y
dolomites,https://images.unsplash.com/photo-1610552050890-fe99536c2615?w=1400&q=85&fm=jpg&fit=crop&crop=entropy,lucas wesney via Unsplash,https://unsplash.com/photos/s-y2HJElONo
cadix,https://images.unsplash.com/photo-1596034673118-205e8541ed89?w=1400&q=85&fm=jpg&fit=crop&crop=entropy,Cayetano Gros via Unsplash,https://unsplash.com/photos/L3TO9yYKHmA
saint-sebastien,https://images.unsplash.com/photo-1636218685591-4a2500c8d972?w=1400&q=85&fm=jpg&fit=crop&crop=entropy,David Vives via Unsplash,https://unsplash.com/photos/AqbyB_GuGHk
formentera,https://images.unsplash.com/photo-1693155119174-4b6e79a27814?w=1400&q=85&fm=jpg&fit=crop&crop=entropy,Eugene Kucheruk via Unsplash,https://unsplash.com/photos/CUdCe1wS6sE
costa-brava,https://images.unsplash.com/photo-1693155119174-4b6e79a27814?w=1400&q=85&fm=jpg&fit=crop&crop=entropy,Eugene Kucheruk via Unsplash,https://unsplash.com/photos/CUdCe1wS6sE
perouse,https://images.unsplash.com/photo-1510819959242-803388a7c907?w=1400&q=85&fm=jpg&fit=crop&crop=entropy,Steffen Petermann via Unsplash,https://unsplash.com/photos/-aEDHNzw8ko
normandie,https://images.unsplash.com/photo-1545158535-c3f7168c28b6?w=1400&q=85&fm=jpg&fit=crop&crop=entropy,Héloïse Delbos via Unsplash,https://unsplash.com/photos/_5teZf5KsUA
biarritz,https://images.unsplash.com/photo-1566501206188-5dd0cf160a0e?w=1400&q=85&fm=jpg&fit=crop&crop=entropy,Eric TERRADE via Unsplash,https://unsplash.com/photos/_ZZZg6mK_70
zadar,https://images.unsplash.com/photo-1577234286642-fc512a5f8f11?w=1400&q=85&fm=jpg&fit=crop&crop=entropy,Bas van den Eijkhof via Unsplash,https://unsplash.com/photos/Zr-GvsFf6NA
hvar,https://images.unsplash.com/photo-1507525428034-b723cf961d3e?w=1400&q=85&fm=jpg&fit=crop&crop=entropy,Nick Seagrave via Unsplash,https://unsplash.com/photos/kPNhc_c0xGs
bodrum,https://images.unsplash.com/photo-1558618666-fcd25c85cd64?w=1400&q=85&fm=jpg&fit=crop&crop=entropy,Engin Yapici via Unsplash,https://unsplash.com/photos/Q5c2dRHU_iA
munich,https://images.unsplash.com/photo-1513622470522-26c3c8a854bc?w=1400&q=85&fm=jpg&fit=crop&crop=entropy,ian kelsall via Unsplash,https://unsplash.com/photos/MEUvVqkU3QI
stockholm,https://images.unsplash.com/photo-1509356843151-3e7d96241e11?w=1400&q=85&fm=jpg&fit=crop&crop=entropy,Raphael Andres via Unsplash,https://unsplash.com/photos/3cwvFD-YPtk
oslo,https://images.unsplash.com/photo-1531366936337-7c912a4589a7?w=1400&q=85&fm=jpg&fit=crop&crop=entropy,Oliver Cole via Unsplash,https://unsplash.com/photos/aS3ftVZLrVI
lofoten,https://images.unsplash.com/photo-1520769945061-0a448c463865?w=1400&q=85&fm=jpg&fit=crop&crop=entropy,Max Stoiber via Unsplash,https://unsplash.com/photos/ejEdpGYGgrA
kotor,https://images.unsplash.com/photo-1542314831-068cd1dbfeeb?w=1400&q=85&fm=jpg&fit=crop&crop=entropy,Joachim Lesne via Unsplash,https://unsplash.com/photos/VvIRsP2AD5I
bruxelles,https://images.unsplash.com/photo-1546500840-ae38253aba9b?w=1400&q=85&fm=jpg&fit=crop&crop=entropy,Jonathan Ricci via Unsplash,https://unsplash.com/photos/vs-tu3Pw6Go
essaouira,https://images.unsplash.com/photo-1537996194471-e657df975ab4?w=1400&q=85&fm=jpg&fit=crop&crop=entropy,rigel via Unsplash,https://unsplash.com/photos/QUIT8TotGpE
louxor,https://images.unsplash.com/photo-1582552938357-32b906df40cb?w=1400&q=85&fm=jpg&fit=crop&crop=entropy,Artem Bryzgalov via Unsplash,https://unsplash.com/photos/YHXomDoU5r4
tel-aviv,https://images.unsplash.com/photo-1574958269340-fa927503f3dd?w=1400&q=85&fm=jpg&fit=crop&crop=entropy,Oleg Vakhromov via Unsplash,https://unsplash.com/photos/mRj7dt3VfIM
namibie,https://images.unsplash.com/photo-1516026672322-bc52d61a55d5?w=1400&q=85&fm=jpg&fit=crop&crop=entropy,Marcelo Novais via Unsplash,https://unsplash.com/photos/6w_t3n-WTtI
tanzanie,https://images.unsplash.com/photo-1547471080-7cc2caa01a7e?w=1400&q=85&fm=jpg&fit=crop&crop=entropy,Eliott Chatauret via Unsplash,https://unsplash.com/photos/rmhByPXttms
krabi,https://images.unsplash.com/photo-1537956965359-7573183d1f57?w=1400&q=85&fm=jpg&fit=crop&crop=entropy,Ivan Nedelchev via Unsplash,https://unsplash.com/photos/NuuyH9j8XAU
baie-halong,https://images.unsplash.com/photo-1528360983277-13d401cdc186?w=1400&q=85&fm=jpg&fit=crop&crop=entropy,Vincent Guth via Unsplash,https://unsplash.com/photos/3sR_0NhWMEI
da-nang,https://images.unsplash.com/photo-1555041469-a586c61ea9bc?w=1400&q=85&fm=jpg&fit=crop&crop=entropy,Kiril Dobrev via Unsplash,https://unsplash.com/photos/v63UL8s28Ew
phu-quoc,https://images.unsplash.com/photo-1540541338287-41700207dee6?w=1400&q=85&fm=jpg&fit=crop&crop=entropy,Vivu Vietnam via Unsplash,https://unsplash.com/photos/lcEPWkmqXAo
lombok,https://images.unsplash.com/photo-1518548419970-58e3b4079ab2?w=1400&q=85&fm=jpg&fit=crop&crop=entropy,Daria Koptelova via Unsplash,https://unsplash.com/photos/zyJmeSO9Yx4
osaka,https://images.unsplash.com/photo-1590559899731-a382839e5549?w=1400&q=85&fm=jpg&fit=crop&crop=entropy,Redd Francisco via Unsplash,https://unsplash.com/photos/Np1aN841iAU
palawan,https://images.unsplash.com/photo-1518509562904-e7ef99cdcc86?w=1400&q=85&fm=jpg&fit=crop&crop=entropy,Ehmir Bautista via Unsplash,https://unsplash.com/photos/JjDqyWuWZyU
kerala,https://images.unsplash.com/photo-1544735716-392fe2489ffa?w=1400&q=85&fm=jpg&fit=crop&crop=entropy,Kunal Kalra via Unsplash,https://unsplash.com/photos/yJA1VIez2Eo
delhi,https://images.unsplash.com/photo-1587474260584-136574528ed5?w=1400&q=85&fm=jpg&fit=crop&crop=entropy,Ravi Sharma via Unsplash,https://unsplash.com/photos/JnxS4mGEAn8
georgie,https://images.unsplash.com/photo-1565008576549-57569a49371d?w=1400&q=85&fm=jpg&fit=crop&crop=entropy,Jaanus Jagomägi via Unsplash,https://unsplash.com/photos/XldYOZzDNCM
chicago,https://images.unsplash.com/photo-1494522855154-9297ac14b55f?w=1400&q=85&fm=jpg&fit=crop&crop=entropy,Ricky Beron via Unsplash,https://unsplash.com/photos/RIs3Eov9GoM
montreal,https://images.unsplash.com/photo-1519178614-68673b201f36?w=1400&q=85&fm=jpg&fit=crop&crop=entropy,Marc-Olivier Jodoin via Unsplash,https://unsplash.com/photos/BG9oZ15a4Xk
bahamas,https://images.unsplash.com/photo-1548574505-5e239809ee19?w=1400&q=85&fm=jpg&fit=crop&crop=entropy,Jakob Owens via Unsplash,https://unsplash.com/photos/PzENwKhLJHA
mexico,https://images.unsplash.com/photo-1518638150340-f706e86654de?w=1400&q=85&fm=jpg&fit=crop&crop=entropy,Jezael Melgoza via Unsplash,https://unsplash.com/photos/KbR06h9dNQw
puerto-vallarta,https://images.unsplash.com/photo-1613395877344-13d4a8e0d49e?w=1400&q=85&fm=jpg&fit=crop&crop=entropy,Vicente García Pérez via Unsplash,https://unsplash.com/photos/xibleedNfWA
cabo-san-lucas,https://images.unsplash.com/photo-1504233529578-6d46baba6d34?w=1400&q=85&fm=jpg&fit=crop&crop=entropy,Christopher Kuzman via Unsplash,https://unsplash.com/photos/2LhCDvS_7xs
patagonie,https://images.unsplash.com/photo-1508193638397-1c4234db14d8?w=1400&q=85&fm=jpg&fit=crop&crop=entropy,Alain Bonnardeaux via Unsplash,https://unsplash.com/photos/Bsf_yk3HcsE
galapagos,https://images.unsplash.com/photo-1544551763-46a013bb70d5?w=1400&q=85&fm=jpg&fit=crop&crop=entropy,Dustin Haney via Unsplash,https://unsplash.com/photos/s6B6mlgqIjk
melbourne,https://images.unsplash.com/photo-1545044846-351ba102b6d5?w=1400&q=85&fm=jpg&fit=crop&crop=entropy,mwangi gatheca via Unsplash,https://unsplash.com/photos/N_V-R4E64nE
taipei,https://images.unsplash.com/photo-1508804185872-d7badad00f7d?w=1400&q=85&fm=jpg&fit=crop&crop=entropy,Thomas Tseng via Unsplash,https://unsplash.com/photos/VuOzTP43ypo
bologne,https://images.unsplash.com/photo-1516483638261-f4dbaf036963?w=1400&q=85&fm=jpg&fit=crop&crop=entropy,Maria Bobrova via Unsplash,https://unsplash.com/photos/DsD09PNZPeQ
verone,https://images.unsplash.com/photo-1539037116277-4db20889f2d4?w=1400&q=85&fm=jpg&fit=crop&crop=entropy,Raymond Setzer via Unsplash,https://unsplash.com/photos/u8bB9Dht6fk
guyane,https://images.unsplash.com/photo-1669632477422-25054b68cbaa?w=1400&q=85&fm=jpg&fit=crop&crop=entropy,Flow Flo via Unsplash,https://unsplash.com/photos/1f6xwCqBSTo
faro,https://images.unsplash.com/photo-1555448248-2571daf6344b?w=1400&q=85&fm=jpg&fit=crop&crop=entropy,KOBU Agency via Unsplash,https://unsplash.com/photos/t0vxH1IfdDY
tunis,https://images.unsplash.com/photo-1539020140153-e479b8c22e70?w=1400&q=85&fm=jpg&fit=crop&crop=entropy,Chermiti Mohamed via Unsplash,https://unsplash.com/photos/c5i7NrfNufQ
sharm-el-sheikh,https://images.unsplash.com/photo-1544551763-77ef2d0cfc6c?w=1400&q=85&fm=jpg&fit=crop&crop=entropy,Rodrigo Dias via Unsplash,https://unsplash.com/photos/-m-Xsro-QXo
oman,https://images.unsplash.com/photo-1617802690992-15d93263d3a9?w=1400&q=85&fm=jpg&fit=crop&crop=entropy,Adil Riyami via Unsplash,https://unsplash.com/photos/RVA1h5Svl1U
abu-dhabi,https://images.unsplash.com/photo-1512453979798-5ea266f8880c?w=1400&q=85&fm=jpg&fit=crop&crop=entropy,Mathilde Cureau via Unsplash,https://unsplash.com/photos/Dbdu_Y56ou4
koh-lanta,https://images.unsplash.com/photo-1519861531473-9200262188bf?w=1400&q=85&fm=jpg&fit=crop&crop=entropy,Maria van Schoor via Unsplash,https://unsplash.com/photos/n78JrC2lKWw
java,https://images.unsplash.com/photo-1592364395653-83e648b20cc2?w=1400&q=85&fm=jpg&fit=crop&crop=entropy,Bill Fairs via Unsplash,https://unsplash.com/photos/ejsQUrS4gnI
pekin,https://images.unsplash.com/photo-1508804052814-cd3ba865a116?w=1400&q=85&fm=jpg&fit=crop&crop=entropy,Melissa via Unsplash,https://unsplash.com/photos/AWh9C-QjhE4
washington,https://images.unsplash.com/photo-1617581629397-a72507c3de9e?w=1400&q=85&fm=jpg&fit=crop&crop=entropy,Bob Bowie via Unsplash,https://unsplash.com/photos/tZUq9YPKEuo
vancouver,https://images.unsplash.com/photo-1559494007-9f5847c49d94?w=1400&q=85&fm=jpg&fit=crop&crop=entropy,Alejandro Luengo via Unsplash,https://unsplash.com/photos/MUt1cOgNn6M
saint-lucie,https://images.unsplash.com/photo-1552832230-c0197dd311b5?w=1400&q=85&fm=jpg&fit=crop&crop=entropy,Germine Sealy via Unsplash,https://unsplash.com/photos/bJgZBhe6OrI
saint-martin,https://images.unsplash.com/photo-1590523278191-995cbcda646b?w=1400&q=85&fm=jpg&fit=crop&crop=entropy,Ramon Kagie via Unsplash,https://unsplash.com/photos/AxC1BwokQrQ
playa-del-carmen,https://images.unsplash.com/photo-1510097467424-192d713fd8b2?w=1400&q=85&fm=jpg&fit=crop&crop=entropy,Darby Henjum via Unsplash,https://unsplash.com/photos/9429XeM9ZtU
chili,https://images.unsplash.com/photo-1501854140801-50d01698950b?w=1400&q=85&fm=jpg&fit=crop&crop=entropy,Alain Bonnardeaux via Unsplash,https://unsplash.com/photos/cGYEV0VGVcM
nepal,https://images.unsplash.com/photo-1585938389612-a552a28d6914?w=1400&q=85&fm=jpg&fit=crop&crop=entropy,Rahul Bajracharya via Unsplash,https://unsplash.com/photos/zMZrVtzNLdE
turin,https://images.unsplash.com/photo-1570077188670-e3a8d69ac5ff?w=1400&q=85&fm=jpg&fit=crop&crop=entropy,Tom Podmore via Unsplash,https://unsplash.com/photos/sVqvsDsWPOI
sintra,https://images.unsplash.com/photo-1558098329-a11cff621064?w=1400&q=85&fm=jpg&fit=crop&crop=entropy,Hasmik Ghazaryan Olson via Unsplash,https://unsplash.com/photos/LhYFlcgQQJA
chamonix,https://images.unsplash.com/photo-1506905925346-21bda4d32df4?w=1400&q=85&fm=jpg&fit=crop&crop=entropy,Christoph Schmid via Unsplash,https://unsplash.com/photos/PHdLDymaV90
plitvice,https://images.unsplash.com/photo-1564679816484-890821a562f6?w=1400&q=85&fm=jpg&fit=crop&crop=entropy,Sander Lenaerts via Unsplash,https://unsplash.com/photos/VuHQbtx2fPI
zagreb,https://images.unsplash.com/photo-1558470598-a5dda9640f68?w=1400&q=85&fm=jpg&fit=crop&crop=entropy,David Boca via Unsplash,https://unsplash.com/photos/CGnbwf2PVMg
izmir,https://images.unsplash.com/photo-1589561253898-768105ca91a8?w=1400&q=85&fm=jpg&fit=crop&crop=entropy,furkanvari via Unsplash,https://unsplash.com/photos/isCUpMT9Zw0
helsinki,https://images.unsplash.com/photo-1538332576228-eb5b4c4de6f5?w=1400&q=85&fm=jpg&fit=crop&crop=entropy,Phil Aicken via Unsplash,https://unsplash.com/photos/Z0fZH42GvWI
bergen,https://images.unsplash.com/photo-1513519245088-0e12902e5a38?w=1400&q=85&fm=jpg&fit=crop&crop=entropy,Kaitlyn Collins via Unsplash,https://unsplash.com/photos/vG0SDJrrOIA
bucarest,https://images.unsplash.com/photo-1589656966895-2f33e7653819?w=1400&q=85&fm=jpg&fit=crop&crop=entropy,Catalin Apostol via Unsplash,https://unsplash.com/photos/ntmiOejoNkc
sofia,https://images.unsplash.com/photo-1585208798174-6cedd86e019a?w=1400&q=85&fm=jpg&fit=crop&crop=entropy,Alexandr Bormotin via Unsplash,https://unsplash.com/photos/8xx8xQv9R84
kos,https://images.unsplash.com/photo-1593015665726-4cf4fae576ad?w=1400&q=85&fm=jpg&fit=crop&crop=entropy,Paul Smith via Unsplash,https://unsplash.com/photos/93GqlRCPlZ8
dordogne,https://images.unsplash.com/photo-1603913391713-5263520f9796?w=1400&q=85&fm=jpg&fit=crop&crop=entropy,Nabih El Boustani via Unsplash,https://unsplash.com/photos/15xm0Oj1G0I
hambourg,https://images.unsplash.com/photo-1551385917-f9c7922c79ed?w=1400&q=85&fm=jpg&fit=crop&crop=entropy,Maksim Shutov via Unsplash,https://unsplash.com/photos/n0FosZ9_POg
tromso,https://images.unsplash.com/photo-1458970412976-755bf0c62f56?w=1400&q=85&fm=jpg&fit=crop&crop=entropy,Adithya Holehonnur via Unsplash,https://unsplash.com/photos/G2vXFc_FLN8
laponie,https://images.unsplash.com/photo-1553966528-237ab71fb292?w=1400&q=85&fm=jpg&fit=crop&crop=entropy,Judith Prins via Unsplash,https://unsplash.com/photos/j1F-WyKgr28
ubud,https://images.unsplash.com/photo-1555400038-63f5ba517a47?w=1400&q=85&fm=jpg&fit=crop&crop=entropy,Niklas Weiss via Unsplash,https://unsplash.com/photos/-2WlTWZLnRc
laos,https://images.unsplash.com/photo-1610426714962-83caa2244105?w=1400&q=85&fm=jpg&fit=crop&crop=entropy,Life on the road via Unsplash,https://unsplash.com/photos/GviEypkuHVA
kuala-lumpur,https://images.unsplash.com/photo-1472017053394-b29fded587cd?w=1400&q=85&fm=jpg&fit=crop&crop=entropy,Vlad Shapochnikov via Unsplash,https://unsplash.com/photos/uPJzWWhPcP4
cordoue,https://images.unsplash.com/photo-1531417272292-2d29ef13cb7a?w=1400&q=85&fm=jpg&fit=crop&crop=entropy,J via Unsplash,https://unsplash.com/photos/DkqTTZ_Y3Nc
albanie,https://images.unsplash.com/photo-1742244002755-067b34f9f1c6?w=1400&q=85&fm=jpg&fit=crop&crop=entropy,Adventure Albania via Unsplash,https://unsplash.com/photos/Hf6aNLpAdRY
cap-vert,https://images.unsplash.com/photo-1548771953-0e13cf7b05e5?w=1400&q=85&fm=jpg&fit=crop&crop=entropy,Radek Pestka via Unsplash,https://unsplash.com/photos/N-cJmGqLE2M
shanghai,https://images.unsplash.com/photo-1587165756560-9652e4d2e627?w=1400&q=85&fm=jpg&fit=crop&crop=entropy,Victoria Laroche Creux via Unsplash,https://unsplash.com/photos/mdwOL58JEps
orlando,https://images.unsplash.com/photo-1692304973666-5db7eb2b2242?w=1400&q=85&fm=jpg&fit=crop&crop=entropy,Nik Goodner via Unsplash,https://unsplash.com/photos/qgQfI05I8H0
nouvelle-orleans,https://images.unsplash.com/photo-1506601905416-f8802ad753ed?w=1400&q=85&fm=jpg&fit=crop&crop=entropy,Nathan Bingle via Unsplash,https://unsplash.com/photos/sN2j2z2Oc7U
panama,https://images.unsplash.com/photo-1641176716788-d4816a66dc6d?w=1400&q=85&fm=jpg&fit=crop&crop=entropy,Rikin Katyal via Unsplash,https://unsplash.com/photos/qeltMhQIw3w
medellin,https://images.unsplash.com/photo-1633627422584-853a4ecfc7ae?w=1400&q=85&fm=jpg&fit=crop&crop=entropy,Juan Nino via Unsplash,https://unsplash.com/photos/OLkvRri7Das
fidji,https://images.unsplash.com/photo-1505495141933-0f5e3e842813?w=1400&q=85&fm=jpg&fit=crop&crop=entropy,Jad Limcaco via Unsplash,https://unsplash.com/photos/u6HqyHsdEWI
nouvelle-caledonie,https://images.unsplash.com/photo-1710881710127-b648ef0b4dc5?w=1400&q=85&fm=jpg&fit=crop&crop=entropy,Nathan Feyssat via Unsplash,https://unsplash.com/photos/ddC7ffYjJmQ
saint-barthelemy,https://images.unsplash.com/photo-1759340875580-0806e4f898d8?w=1400&q=85&fm=jpg&fit=crop&crop=entropy,Loris Boulinguez via Unsplash,https://unsplash.com/photos/9-MxzlVx9Qg
el-nido,https://images.unsplash.com/photo-1753482774953-e03e1f9f1397?w=1400&q=85&fm=jpg&fit=crop&crop=entropy,Matthew Stephenson via Unsplash,https://unsplash.com/photos/4UvT2R-yXOQ
cambodge,https://images.unsplash.com/photo-1551155674-6d39c2140d6d?w=1400&q=85&fm=jpg&fit=crop&crop=entropy,JJ Ying via Unsplash,https://unsplash.com/photos/5h5mpf0ivCg
lefkada,https://images.unsplash.com/photo-1632558453702-d928a5d4af02?w=1400&q=85&fm=jpg&fit=crop&crop=entropy,Daniel J. Schwarz via Unsplash,https://unsplash.com/photos/5ndwz2DeMD4
milos,https://images.unsplash.com/photo-1667114448126-cb9cc48a8eb8?w=1400&q=85&fm=jpg&fit=crop&crop=entropy,Artem R via Unsplash,https://unsplash.com/photos/AFoSraw9RWA
hydra,https://images.unsplash.com/photo-1603182673190-4270225080e0?w=1400&q=85&fm=jpg&fit=crop&crop=entropy,Despina Galani via Unsplash,https://unsplash.com/photos/eLKE4Q74_24
bilbao,https://images.unsplash.com/photo-1582726457407-3935ac5ff286?w=1400&q=85&fm=jpg&fit=crop&crop=entropy,Anastasiia Rozumna via Unsplash,https://unsplash.com/photos/SnvkXjOSRAE
la-palma,https://images.unsplash.com/photo-1661949807703-2186b539b8b9?w=1400&q=85&fm=jpg&fit=crop&crop=entropy,Isuru Ranasinha via Unsplash,https://unsplash.com/photos/2nH6DBALVko
la-gomera,https://images.unsplash.com/photo-1709635943734-3ce26a4be8e7?w=1400&q=85&fm=jpg&fit=crop&crop=entropy,Aleksandra via Unsplash,https://unsplash.com/photos/dKkR9oesVRE
fethiye,https://images.unsplash.com/photo-1498222954553-93fc8d1941da?w=1400&q=85&fm=jpg&fit=crop&crop=entropy,Dilek Durgun via Unsplash,https://unsplash.com/photos/kzEMrCC0ink
francfort,https://images.unsplash.com/photo-1515442511163-25dd3276b9a6?w=1400&q=85&fm=jpg&fit=crop&crop=entropy,Martin Widenka via Unsplash,https://unsplash.com/photos/qZ1duL3ItDI
varsovie,https://images.unsplash.com/photo-1598796580435-aa35ebca2da9?w=1400&q=85&fm=jpg&fit=crop&crop=entropy,Meta Boy via Unsplash,https://unsplash.com/photos/XHFVlFf500o
tallinn,https://images.unsplash.com/photo-1521313072513-0c7cc4fc4f05?w=1400&q=85&fm=jpg&fit=crop&crop=entropy,Ruslan Valeev via Unsplash,https://unsplash.com/photos/rsIJf4Y3IpM
riga,https://images.unsplash.com/photo-1685470934582-3636319a3be9?w=1400&q=85&fm=jpg&fit=crop&crop=entropy,Martti Salmi via Unsplash,https://unsplash.com/photos/GaKqMPll3rA
vilnius,https://images.unsplash.com/photo-1571851544672-da6ec7746b84?w=1400&q=85&fm=jpg&fit=crop&crop=entropy,Victor Malyushev via Unsplash,https://unsplash.com/photos/cj8D4yTvOFk
bratislava,https://images.unsplash.com/photo-1568616388664-1e37d8376363?w=1400&q=85&fm=jpg&fit=crop&crop=entropy,Martin Katler via Unsplash,https://unsplash.com/photos/Oq-nJ_hT9rI
ljubljana,https://images.unsplash.com/photo-1558346547-1b88655371db?w=1400&q=85&fm=jpg&fit=crop&crop=entropy,Zan Lazarevic via Unsplash,https://unsplash.com/photos/nGdoLq1lwmI
paphos,https://images.unsplash.com/photo-1619034858472-0e7d6b96113f?w=1400&q=85&fm=jpg&fit=crop&crop=entropy,Secret Travel Guide via Unsplash,https://unsplash.com/photos/ZwvJjgC3uTM
zurich,https://images.unsplash.com/photo-1668711680276-2b5f3a129155?w=1400&q=85&fm=jpg&fit=crop&crop=entropy,Ilia Bronskiy via Unsplash,https://unsplash.com/photos/cwhMg9g-KJE
geneve,https://images.unsplash.com/photo-1663616842575-c24b40700e0a?w=1400&q=85&fm=jpg&fit=crop&crop=entropy,Henrique Ferreira via Unsplash,https://unsplash.com/photos/cWmCIOsxX34
bruges,https://images.unsplash.com/photo-1650523443456-6f30dfc664d4?w=1400&q=85&fm=jpg&fit=crop&crop=entropy,Morgan Koh via Unsplash,https://unsplash.com/photos/80GPZ4Mld4E
gozo,https://images.unsplash.com/photo-1696797965361-3b8830603a4f?w=1400&q=85&fm=jpg&fit=crop&crop=entropy,Fadi Al Shami via Unsplash,https://unsplash.com/photos/HFgj9oikftQ
chefchaouen,https://images.unsplash.com/photo-1655376405510-93560ddafff3?w=1400&q=85&fm=jpg&fit=crop&crop=entropy,Matt Dany via Unsplash,https://unsplash.com/photos/be10hwvzvoI
ouarzazate,https://images.unsplash.com/photo-1581080565335-47b4b5e7abf1?w=1400&q=85&fm=jpg&fit=crop&crop=entropy,Cristiano Pinto via Unsplash,https://unsplash.com/photos/knB5iCogf5Q
hammamet,https://images.unsplash.com/photo-1530537636835-782aaeae3e54?w=1400&q=85&fm=jpg&fit=crop&crop=entropy,Paulus Stauch via Unsplash,https://unsplash.com/photos/PN3xVdPT9Vg
doha,https://images.unsplash.com/photo-1685113872064-de4180a0ea93?w=1400&q=85&fm=jpg&fit=crop&crop=entropy,Kenny via Unsplash,https://unsplash.com/photos/rsMfEFFrgqc
koh-phi-phi,https://images.unsplash.com/photo-1590316274317-f1e784a2f060?w=1400&q=85&fm=jpg&fit=crop&crop=entropy,Anjali Mehta via Unsplash,https://unsplash.com/photos/ABOwwIl9hps
koh-tao,https://images.unsplash.com/photo-1569671618687-9de58bd0a9cb?w=1400&q=85&fm=jpg&fit=crop&crop=entropy,Wouter Naert via Unsplash,https://unsplash.com/photos/IgqhD_MZTWk
